Year,Locationabbr,Locationdesc,Class,Topic,Question,Response,Break_Out,Break_Out_Category,Sample_Size,Data_value,Confidence_limit_Low,Confidence_limit_High,Display_order,Data_value_unit,Data_value_type,Data_Value_Footnote_Symbol,Data_Value_Footnote,DataSource,ClassId,TopicId,LocationID,BreakoutID,BreakOutCategoryID,QuestionID,ResponseID,GeoLocation
2014,AL,Alabama,Health Status,Overall Health,How is your general health?,Excellent,Overall,Overall,"1,146",16.8,15.6,18.1,1,%,Crude Prevalence,,,BRFSS,CLASS08,Topic41,01,BO1,CAT1,GENHLTH,RESP056,"(32.84057112200048, -86.63186076199969)"
2014,AL,Alabama,Health Status,Overall Health,How is your general health?,Very good,Overall,Overall,"2,227",27.9,26.5,29.3,2,%,Crude Prevalence,,,BRFSS,CLASS08,Topic41,01,BO1,CAT1,GENHLTH,RESP057,"(32.84057112200048, -86.63186076199969)"
2014,AL,Alabama,Health Status,Overall Health,How is your general health?,Good,Overall,Overall,"2,892",32.4,31,33.8,3,%,Crude Prevalence,,,BRFSS,CLASS08,Topic41,01,BO1,CAT1,GENHLTH,RESP058,"(32.84057112200048, -86.63186076199969)"
2014,AL,Alabama,Health Status,Overall Health,How is your general health?,Fair,Overall,Overall,"1,578",15.7,14.6,16.7,4,%,Crude Prevalence,,,BRFSS,CLASS08,Topic41,01,BO1,CAT1,GENHLTH,RESP059,"(32.84057112200048, -86.63186076199969)"
2014,AL,Alabama,Health Status,Overall Health,How is your general health?,Poor,Overall,Overall,781,7.3,6.6,7.9,5,%,Crude Prevalence,,,BRFSS,CLASS08,Topic41,01,BO1,CAT1,GENHLTH,RESP060,"(32.84057112200048, -86.63186076199969)"
2014,AK,Alaska,Health Status,Overall Health,How is your general health?,Excellent,Overall,Overall,869,21.1,19.4,22.8,1,%,Crude Prevalence,,,BRFSS,CLASS08,Topic41,02,BO1,CAT1,GENHLTH,RESP056,"(64.84507995700051, -147.72205903599973)"
2014,AK,Alaska,Health Status,Overall Health,How is your general health?,Very good,Overall,Overall,"1,558",35.2,33.2,37.2,2,%,Crude Prevalence,,,BRFSS,CLASS08,Topic41,02,BO1,CAT1,GENHLTH,RESP057,"(64.84507995700051, -147.72205903599973)"
2014,AK,Alaska,Health Status,Overall Health,How is your general health?,Good,Overall,Overall,"1,327",30.3,28.3,32.2,3,%,Crude Prevalence,,,BRFSS,CLASS08,Topic41,02,BO1,CAT1,GENHLTH,RESP058,"(64.84507995700051, -147.72205903599973)"
2014,AK,Alaska,Health Status,Overall Health,How is your general health?,Fair,Overall,Overall,438,9.6,8.4,10.8,4,%,Crude Prevalence,,,BRFSS,CLASS08,Topic41,02,BO1,CAT1,GENHLTH,RESP059,"(64.84507995700051, -147.72205903599973)"
2014,AK,Alaska,Health Status,Overall Health,How is your general health?,Poor,Overall,Overall,179,3.8,3.1,4.6,5,%,Crude Prevalence,,,BRFSS,CLASS08,Topic41,02,BO1,CAT1,GENHLTH,RESP060,"(64.84507995700051, -147.72205903599973)"
2014,AZ,Arizona,Health Status,Overall Health,How is your general health?,Excellent,Overall,Overall,"2,668",19.2,18.1,20.3,1,%,Crude Prevalence,,,BRFSS,CLASS08,Topic41,04,BO1,CAT1,GENHLTH,RESP056,"(34.865970280000454, -111.76381127699972)"
2014,AZ,Arizona,Health Status,Overall Health,How is your general health?,Very good,Overall,Overall,"4,807",31.4,30.1,32.6,2,%,Crude Prevalence,,,BRFSS,CLASS08,Topic41,04,BO1,CAT1,GENHLTH,RESP057,"(34.865970280000454, -111.76381127699972)"
2014,AZ,Arizona,Health Status,Overall Health,How is your general health?,Good,Overall,Overall,"4,427",30.4,29.2,31.7,3,%,Crude Prevalence,,,BRFSS,CLASS08,Topic41,04,BO1,CAT1,GENHLTH,RESP058,"(34.865970280000454, -111.76381127699972)"
2014,AZ,Arizona,Health Status,Overall Health,How is your general health?,Fair,Overall,Overall,"2,121",14.6,13.6,15.6,4,%,Crude Prevalence,,,BRFSS,CLASS08,Topic41,04,BO1,CAT1,GENHLTH,RESP059,"(34.865970280000454, -111.76381127699972)"
2014,AZ,Arizona,Health Status,Overall Health,How is your general health?,Poor,Overall,Overall,809,4.5,3.9,5,5,%,Crude Prevalence,,,BRFSS,CLASS08,Topic41,04,BO1,CAT1,GENHLTH,RESP060,"(34.865970280000454, -111.76381127699972)"
2014,AR,Arkansas,Health Status,Overall Health,How is your general health?,Excellent,Overall,Overall,655,15.3,13.6,16.9,1,%,Crude Prevalence,,,BRFSS,CLASS08,Topic41,05,BO1,CAT1,GENHLTH,RESP056,"(34.74865012400045, -92.27449074299966)"
2014,AR,Arkansas,Health Status,Overall Health,How is your general health?,Very good,Overall,Overall,"1,372",28.7,26.8,30.6,2,%,Crude Prevalence,,,BRFSS,CLASS08,Topic41,05,BO1,CAT1,GENHLTH,RESP057,"(34.74865012400045, -92.27449074299966)"
2014,AR,Arkansas,Health Status,Overall Health,How is your general health?,Good,Overall,Overall,"1,731",32.6,30.6,34.6,3,%,Crude Prevalence,,,BRFSS,CLASS08,Topic41,05,BO1,CAT1,GENHLTH,RESP058,"(34.74865012400045, -92.27449074299966)"
2014,AR,Arkansas,Health Status,Overall Health,How is your general health?,Fair,Overall,Overall,975,16,14.5,17.5,4,%,Crude Prevalence,,,BRFSS,CLASS08,Topic41,05,BO1,CAT1,GENHLTH,RESP059,"(34.74865012400045, -92.27449074299966)"
2014,AR,Arkansas,Health Status,Overall Health,How is your general health?,Poor,Overall,Overall,505,7.5,6.5,8.4,5,%,Crude Prevalence,,,BRFSS,CLASS08,Topic41,05,BO1,CAT1,GENHLTH,RESP060,"(34.74865012400045, -92.27449074299966)"
2014,CA,California,Health Status,Overall Health,How is your general health?,Excellent,Overall,Overall,"1,879",20.5,19.5,21.6,1,%,Crude Prevalence,,,BRFSS,CLASS08,Topic41,06,BO1,CAT1,GENHLTH,RESP056,"(37.63864012300047, -120.99999953799971)"
2014,CA,California,Health Status,Overall Health,How is your general health?,Very good,Overall,Overall,"2,874",31.5,30.2,32.7,2,%,Crude Prevalence,,,BRFSS,CLASS08,Topic41,06,BO1,CAT1,GENHLTH,RESP057,"(37.63864012300047, -120.99999953799971)"
2014,CA,California,Health Status,Overall Health,How is your general health?,Good,Overall,Overall,"2,496",29.9,28.6,31.1,3,%,Crude Prevalence,,,BRFSS,CLASS08,Topic41,06,BO1,CAT1,GENHLTH,RESP058,"(37.63864012300047, -120.99999953799971)"
2014,CA,California,Health Status,Overall Health,How is your general health?,Fair,Overall,Overall,"1,144",13.5,12.6,14.4,4,%,Crude Prevalence,,,BRFSS,CLASS08,Topic41,06,BO1,CAT1,GENHLTH,RESP059,"(37.63864012300047, -120.99999953799971)"
2014,CA,California,Health Status,Overall Health,How is your general health?,Poor,Overall,Overall,426,4.6,4.1,5.2,5,%,Crude Prevalence,,,BRFSS,CLASS08,Topic41,06,BO1,CAT1,GENHLTH,RESP060,"(37.63864012300047, -120.99999953799971)"
2014,CO,Colorado,Health Status,Overall Health,How is your general health?,Excellent,Overall,Overall,"2,809",21.2,20.3,22.1,1,%,Crude Prevalence,,,BRFSS,CLASS08,Topic41,08,BO1,CAT1,GENHLTH,RESP056,"(38.843840757000464, -106.13361092099967)"
2014,CO,Colorado,Health Status,Overall Health,How is your general health?,Very good,Overall,Overall,"4,929",36.2,35.1,37.3,2,%,Crude Prevalence,,,BRFSS,CLASS08,Topic41,08,BO1,CAT1,GENHLTH,RESP057,"(38.843840757000464, -106.13361092099967)"
2014,CO,Colorado,Health Status,Overall Health,How is your general health?,Good,Overall,Overall,"3,736",29.5,28.4,30.5,3,%,Crude Prevalence,,,BRFSS,CLASS08,Topic41,08,BO1,CAT1,GENHLTH,RESP058,"(38.843840757000464, -106.13361092099967)"
2014,CO,Colorado,Health Status,Overall Health,How is your general health?,Fair,Overall,Overall,"1,386",10.1,9.5,10.8,4,%,Crude Prevalence,,,BRFSS,CLASS08,Topic41,08,BO1,CAT1,GENHLTH,RESP059,"(38.843840757000464, -106.13361092099967)"
2014,CO,Colorado,Health Status,Overall Health,How is your general health?,Poor,Overall,Overall,492,3.1,2.7,3.4,5,%,Crude Prevalence,,,BRFSS,CLASS08,Topic41,08,BO1,CAT1,GENHLTH,RESP060,"(38.843840757000464, -106.13361092099967)"
2014,CT,Connecticut,Health Status,Overall Health,How is your general health?,Excellent,Overall,Overall,"1,807",23.4,22,24.8,1,%,Crude Prevalence,,,BRFSS,CLASS08,Topic41,09,BO1,CAT1,GENHLTH,RESP056,"(41.56266102000046, -72.64984095199964)"
2014,CT,Connecticut,Health Status,Overall Health,How is your general health?,Very good,Overall,Overall,"2,849",34.8,33.3,36.3,2,%,Crude Prevalence,,,BRFSS,CLASS08,Topic41,09,BO1,CAT1,GENHLTH,RESP057,"(41.56266102000046, -72.64984095199964)"
2014,CT,Connecticut,Health Status,Overall Health,How is your general health?,Good,Overall,Overall,"2,151",27.5,26,28.9,3,%,Crude Prevalence,,,BRFSS,CLASS08,Topic41,09,BO1,CAT1,GENHLTH,RESP058,"(41.56266102000046, -72.64984095199964)"
2014,CT,Connecticut,Health Status,Overall Health,How is your general health?,Fair,Overall,Overall,861,11.3,10.3,12.3,4,%,Crude Prevalence,,,BRFSS,CLASS08,Topic41,09,BO1,CAT1,GENHLTH,RESP059,"(41.56266102000046, -72.64984095199964)"
2014,CT,Connecticut,Health Status,Overall Health,How is your general health?,Poor,Overall,Overall,267,3,2.5,3.6,5,%,Crude Prevalence,,,BRFSS,CLASS08,Topic41,09,BO1,CAT1,GENHLTH,RESP060,"(41.56266102000046, -72.64984095199964)"
2014,DE,Delaware,Health Status,Overall Health,How is your general health?,Excellent,Overall,Overall,745,18.9,17.2,20.7,1,%,Crude Prevalence,,,BRFSS,CLASS08,Topic41,10,BO1,CAT1,GENHLTH,RESP056,"(39.008830667000495, -75.57774116799965)"
2014,DE,Delaware,Health Status,Overall Health,How is your general health?,Very good,Overall,Overall,"1,388",32.6,30.6,34.7,2,%,Crude Prevalence,,,BRFSS,CLASS08,Topic41,10,BO1,CAT1,GENHLTH,RESP057,"(39.008830667000495, -75.57774116799965)"
2014,DE,Delaware,Health Status,Overall Health,How is your general health?,Good,Overall,Overall,"1,356",32.9,30.8,34.9,3,%,Crude Prevalence,,,BRFSS,CLASS08,Topic41,10,BO1,CAT1,GENHLTH,RESP058,"(39.008830667000495, -75.57774116799965)"
2014,DE,Delaware,Health Status,Overall Health,How is your general health?,Fair,Overall,Overall,593,12.1,10.7,13.4,4,%,Crude Prevalence,,,BRFSS,CLASS08,Topic41,10,BO1,CAT1,GENHLTH,RESP059,"(39.008830667000495, -75.57774116799965)"
2014,DE,Delaware,Health Status,Overall Health,How is your general health?,Poor,Overall,Overall,203,3.5,2.9,4.2,5,%,Crude Prevalence,,,BRFSS,CLASS08,Topic41,10,BO1,CAT1,GENHLTH,RESP060,"(39.008830667000495, -75.57774116799965)"
2014,DC,District of Columbia,Health Status,Overall Health,How is your general health?,Excellent,Overall,Overall,940,26,23.7,28.4,1,%,Crude Prevalence,,,BRFSS,CLASS08,Topic41,11,BO1,CAT1,GENHLTH,RESP056,"(38.89037138500049, -77.03196112699965)"
2014,DC,District of Columbia,Health Status,Overall Health,How is your general health?,Very good,Overall,Overall,"1,391",36,33.4,38.6,2,%,Crude Prevalence,,,BRFSS,CLASS08,Topic41,11,BO1,CAT1,GENHLTH,RESP057,"(38.89037138500049, -77.03196112699965)"
2014,DC,District of Columbia,Health Status,Overall Health,How is your general health?,Good,Overall,Overall,"1,113",25.1,22.8,27.4,3,%,Crude Prevalence,,,BRFSS,CLASS08,Topic41,11,BO1,CAT1,GENHLTH,RESP058,"(38.89037138500049, -77.03196112699965)"
2014,DC,District of Columbia,Health Status,Overall Health,How is your general health?,Fair,Overall,Overall,458,9.4,7.9,10.9,4,%,Crude Prevalence,,,BRFSS,CLASS08,Topic41,11,BO1,CAT1,GENHLTH,RESP059,"(38.89037138500049, -77.03196112699965)"
2014,DC,District of Columbia,Health Status,Overall Health,How is your general health?,Poor,Overall,Overall,165,3.5,2.5,4.5,5,%,Crude Prevalence,,,BRFSS,CLASS08,Topic41,11,BO1,CAT1,GENHLTH,RESP060,"(38.89037138500049, -77.03196112699965)"
2014,FL,Florida,Health Status,Overall Health,How is your general health?,Excellent,Overall,Overall,"1,914",20.7,19.5,21.8,1,%,Crude Prevalence,,,BRFSS,CLASS08,Topic41,12,BO1,CAT1,GENHLTH,RESP056,"(28.932040377000476, -81.92896053899966)"
2014,FL,Florida,Health Status,Overall Health,How is your general health?,Very good,Overall,Overall,"3,014",28.8,27.6,30.1,2,%,Crude Prevalence,,,BRFSS,CLASS08,Topic41,12,BO1,CAT1,GENHLTH,RESP057,"(28.932040377000476, -81.92896053899966)"
2014,FL,Florida,Health Status,Overall Health,How is your general health?,Good,Overall,Overall,"2,919",31.2,29.9,32.5,3,%,Crude Prevalence,,,BRFSS,CLASS08,Topic41,12,BO1,CAT1,GENHLTH,RESP058,"(28.932040377000476, -81.92896053899966)"
2014,FL,Florida,Health Status,Overall Health,How is your general health?,Fair,Overall,Overall,"1,364",14.2,13.2,15.2,4,%,Crude Prevalence,,,BRFSS,CLASS08,Topic41,12,BO1,CAT1,GENHLTH,RESP059,"(28.932040377000476, -81.92896053899966)"
2014,FL,Florida,Health Status,Overall Health,How is your general health?,Poor,Overall,Overall,538,5.1,4.5,5.7,5,%,Crude Prevalence,,,BRFSS,CLASS08,Topic41,12,BO1,CAT1,GENHLTH,RESP060,"(28.932040377000476, -81.92896053899966)"
2014,GA,Georgia,Health Status,Overall Health,How is your general health?,Excellent,Overall,Overall,"1,087",19,17.6,20.4,1,%,Crude Prevalence,,,BRFSS,CLASS08,Topic41,13,BO1,CAT1,GENHLTH,RESP056,"(32.83968109300048, -83.62758034599966)"
2014,GA,Georgia,Health Status,Overall Health,How is your general health?,Very good,Overall,Overall,"1,945",30.6,29,32.1,2,%,Crude Prevalence,,,BRFSS,CLASS08,Topic41,13,BO1,CAT1,GENHLTH,RESP057,"(32.83968109300048, -83.62758034599966)"
2014,GA,Georgia,Health Status,Overall Health,How is your general health?,Good,Overall,Overall,"1,957",31.6,30,33.3,3,%,Crude Prevalence,,,BRFSS,CLASS08,Topic41,13,BO1,CAT1,GENHLTH,RESP058,"(32.83968109300048, -83.62758034599966)"
2014,GA,Georgia,Health Status,Overall Health,How is your general health?,Fair,Overall,Overall,917,13.1,12,14.2,4,%,Crude Prevalence,,,BRFSS,CLASS08,Topic41,13,BO1,CAT1,GENHLTH,RESP059,"(32.83968109300048, -83.62758034599966)"
2014,GA,Georgia,Health Status,Overall Health,How is your general health?,Poor,Overall,Overall,426,5.7,4.9,6.4,5,%,Crude Prevalence,,,BRFSS,CLASS08,Topic41,13,BO1,CAT1,GENHLTH,RESP060,"(32.83968109300048, -83.62758034599966)"
2014,HI,Hawaii,Health Status,Overall Health,How is your general health?,Excellent,Overall,Overall,"1,429",20.6,19.2,22,1,%,Crude Prevalence,,,BRFSS,CLASS08,Topic41,15,BO1,CAT1,GENHLTH,RESP056,"(21.304850435000446, -157.85774940299973)"
2014,HI,Hawaii,Health Status,Overall Health,How is your general health?,Very good,Overall,Overall,"2,144",28.8,27.3,30.3,2,%,Crude Prevalence,,,BRFSS,CLASS08,Topic41,15,BO1,CAT1,GENHLTH,RESP057,"(21.304850435000446, -157.85774940299973)"
2014,HI,Hawaii,Health Status,Overall Health,How is your general health?,Good,Overall,Overall,"2,506",36.1,34.5,37.7,3,%,Crude Prevalence,,,BRFSS,CLASS08,Topic41,15,BO1,CAT1,GENHLTH,RESP058,"(21.304850435000446, -157.85774940299973)"
2014,HI,Hawaii,Health Status,Overall Health,How is your general health?,Fair,Overall,Overall,876,11.2,10.2,12.2,4,%,Crude Prevalence,,,BRFSS,CLASS08,Topic41,15,BO1,CAT1,GENHLTH,RESP059,"(21.304850435000446, -157.85774940299973)"
2014,HI,Hawaii,Health Status,Overall Health,How is your general health?,Poor,Overall,Overall,289,3.3,2.8,3.9,5,%,Crude Prevalence,,,BRFSS,CLASS08,Topic41,15,BO1,CAT1,GENHLTH,RESP060,"(21.304850435000446, -157.85774940299973)"
2014,ID,Idaho,Health Status,Overall Health,How is your general health?,Excellent,Overall,Overall,998,20.7,19,22.4,1,%,Crude Prevalence,,,BRFSS,CLASS08,Topic41,16,BO1,CAT1,GENHLTH,RESP056,"(43.682630005000476, -114.3637300419997)"
2014,ID,Idaho,Health Status,Overall Health,How is your general health?,Very good,Overall,Overall,"1,904",36.4,34.5,38.4,2,%,Crude Prevalence,,,BRFSS,CLASS08,Topic41,16,BO1,CAT1,GENHLTH,RESP057,"(43.682630005000476, -114.3637300419997)"
2014,ID,Idaho,Health Status,Overall Health,How is your general health?,Good,Overall,Overall,"1,663",29.8,28,31.5,3,%,Crude Prevalence,,,BRFSS,CLASS08,Topic41,16,BO1,CAT1,GENHLTH,RESP058,"(43.682630005000476, -114.3637300419997)"
2014,ID,Idaho,Health Status,Overall Health,How is your general health?,Fair,Overall,Overall,633,9.4,8.4,10.5,4,%,Crude Prevalence,,,BRFSS,CLASS08,Topic41,16,BO1,CAT1,GENHLTH,RESP059,"(43.682630005000476, -114.3637300419997)"
2014,ID,Idaho,Health Status,Overall Health,How is your general health?,Poor,Overall,Overall,270,3.7,3,4.4,5,%,Crude Prevalence,,,BRFSS,CLASS08,Topic41,16,BO1,CAT1,GENHLTH,RESP060,"(43.682630005000476, -114.3637300419997)"
2014,IL,Illinois,Health Status,Overall Health,How is your general health?,Excellent,Overall,Overall,928,18.5,17.1,19.9,1,%,Crude Prevalence,,,BRFSS,CLASS08,Topic41,17,BO1,CAT1,GENHLTH,RESP056,"(40.48501028300046, -88.99771017799969)"
2014,IL,Illinois,Health Status,Overall Health,How is your general health?,Very good,Overall,Overall,"1,688",31.8,30.1,33.5,2,%,Crude Prevalence,,,BRFSS,CLASS08,Topic41,17,BO1,CAT1,GENHLTH,RESP057,"(40.48501028300046, -88.99771017799969)"
2014,IL,Illinois,Health Status,Overall Health,How is your general health?,Good,Overall,Overall,"1,571",32.4,30.6,34.1,3,%,Crude Prevalence,,,BRFSS,CLASS08,Topic41,17,BO1,CAT1,GENHLTH,RESP058,"(40.48501028300046, -88.99771017799969)"
2014,IL,Illinois,Health Status,Overall Health,How is your general health?,Fair,Overall,Overall,652,13.6,12.3,14.9,4,%,Crude Prevalence,,,BRFSS,CLASS08,Topic41,17,BO1,CAT1,GENHLTH,RESP059,"(40.48501028300046, -88.99771017799969)"
2014,IL,Illinois,Health Status,Overall Health,How is your general health?,Poor,Overall,Overall,212,3.8,3,4.5,5,%,Crude Prevalence,,,BRFSS,CLASS08,Topic41,17,BO1,CAT1,GENHLTH,RESP060,"(40.48501028300046, -88.99771017799969)"
2014,IN,Indiana,Health Status,Overall Health,How is your general health?,Excellent,Overall,Overall,"1,646",15.6,14.6,16.5,1,%,Crude Prevalence,,,BRFSS,CLASS08,Topic41,18,BO1,CAT1,GENHLTH,RESP056,"(39.766910452000445, -86.14996019399968)"
2014,IN,Indiana,Health Status,Overall Health,How is your general health?,Very good,Overall,Overall,"3,651",30.7,29.5,31.8,2,%,Crude Prevalence,,,BRFSS,CLASS08,Topic41,18,BO1,CAT1,GENHLTH,RESP057,"(39.766910452000445, -86.14996019399968)"
2014,IN,Indiana,Health Status,Overall Health,How is your general health?,Good,Overall,Overall,"3,783",34.9,33.7,36.1,3,%,Crude Prevalence,,,BRFSS,CLASS08,Topic41,18,BO1,CAT1,GENHLTH,RESP058,"(39.766910452000445, -86.14996019399968)"
2014,IN,Indiana,Health Status,Overall Health,How is your general health?,Fair,Overall,Overall,"1,623",13.4,12.6,14.2,4,%,Crude Prevalence,,,BRFSS,CLASS08,Topic41,18,BO1,CAT1,GENHLTH,RESP059,"(39.766910452000445, -86.14996019399968)"
2014,IN,Indiana,Health Status,Overall Health,How is your general health?,Poor,Overall,Overall,728,5.5,5,6,5,%,Crude Prevalence,,,BRFSS,CLASS08,Topic41,18,BO1,CAT1,GENHLTH,RESP060,"(39.766910452000445, -86.14996019399968)"
2014,IA,Iowa,Health Status,Overall Health,How is your general health?,Excellent,Overall,Overall,"1,333",18.5,17.3,19.6,1,%,Crude Prevalence,,,BRFSS,CLASS08,Topic41,19,BO1,CAT1,GENHLTH,RESP056,"(42.46940091300047, -93.81649055599968)"
2014,IA,Iowa,Health Status,Overall Health,How is your general health?,Very good,Overall,Overall,"2,924",36.8,35.4,38.2,2,%,Crude Prevalence,,,BRFSS,CLASS08,Topic41,19,BO1,CAT1,GENHLTH,RESP057,"(42.46940091300047, -93.81649055599968)"
2014,IA,Iowa,Health Status,Overall Health,How is your general health?,Good,Overall,Overall,"2,600",31.2,29.9,32.5,3,%,Crude Prevalence,,,BRFSS,CLASS08,Topic41,19,BO1,CAT1,GENHLTH,RESP058,"(42.46940091300047, -93.81649055599968)"
2014,IA,Iowa,Health Status,Overall Health,How is your general health?,Fair,Overall,Overall,932,10.4,9.6,11.3,4,%,Crude Prevalence,,,BRFSS,CLASS08,Topic41,19,BO1,CAT1,GENHLTH,RESP059,"(42.46940091300047, -93.81649055599968)"
2014,IA,Iowa,Health Status,Overall Health,How is your general health?,Poor,Overall,Overall,325,3.2,2.7,3.6,5,%,Crude Prevalence,,,BRFSS,CLASS08,Topic41,19,BO1,CAT1,GENHLTH,RESP060,"(42.46940091300047, -93.81649055599968)"
2014,KS,Kansas,Health Status,Overall Health,How is your general health?,Excellent,Overall,Overall,"2,338",18.6,17.8,19.5,1,%,Crude Prevalence,,,BRFSS,CLASS08,Topic41,20,BO1,CAT1,GENHLTH,RESP056,"(38.34774030000045, -98.20078122699965)"
2014,KS,Kansas,Health Status,Overall Health,How is your general health?,Very good,Overall,Overall,"4,770",34.8,33.8,35.8,2,%,Crude Prevalence,,,BRFSS,CLASS08,Topic41,20,BO1,CAT1,GENHLTH,RESP057,"(38.34774030000045, -98.20078122699965)"
2014,KS,Kansas,Health Status,Overall Health,How is your general health?,Good,Overall,Overall,"4,360",31.2,30.2,32.1,3,%,Crude Prevalence,,,BRFSS,CLASS08,Topic41,20,BO1,CAT1,GENHLTH,RESP058,"(38.34774030000045, -98.20078122699965)"
2014,KS,Kansas,Health Status,Overall Health,How is your general health?,Fair,Overall,Overall,"1,666",11.7,11,12.3,4,%,Crude Prevalence,,,BRFSS,CLASS08,Topic41,20,BO1,CAT1,GENHLTH,RESP059,"(38.34774030000045, -98.20078122699965)"
2014,KS,Kansas,Health Status,Overall Health,How is your general health?,Poor,Overall,Overall,571,3.8,3.4,4.1,5,%,Crude Prevalence,,,BRFSS,CLASS08,Topic41,20,BO1,CAT1,GENHLTH,RESP060,"(38.34774030000045, -98.20078122699965)"
2014,KY,Kentucky,Health Status,Overall Health,How is your general health?,Excellent,Overall,Overall,"1,355",15.5,14.3,16.7,1,%,Crude Prevalence,,,BRFSS,CLASS08,Topic41,21,BO1,CAT1,GENHLTH,RESP056,"(37.645970271000465, -84.77497104799966)"
2014,KY,Kentucky,Health Status,Overall Health,How is your general health?,Very good,Overall,Overall,"3,174",29.4,28,30.8,2,%,Crude Prevalence,,,BRFSS,CLASS08,Topic41,21,BO1,CAT1,GENHLTH,RESP057,"(37.645970271000465, -84.77497104799966)"
2014,KY,Kentucky,Health Status,Overall Health,How is your general health?,Good,Overall,Overall,"3,558",30.8,29.4,32.2,3,%,Crude Prevalence,,,BRFSS,CLASS08,Topic41,21,BO1,CAT1,GENHLTH,RESP058,"(37.645970271000465, -84.77497104799966)"
2014,KY,Kentucky,Health Status,Overall Health,How is your general health?,Fair,Overall,Overall,"2,060",15.9,14.8,17,4,%,Crude Prevalence,,,BRFSS,CLASS08,Topic41,21,BO1,CAT1,GENHLTH,RESP059,"(37.645970271000465, -84.77497104799966)"
2014,KY,Kentucky,Health Status,Overall Health,How is your general health?,Poor,Overall,Overall,"1,032",8.4,7.5,9.4,5,%,Crude Prevalence,,,BRFSS,CLASS08,Topic41,21,BO1,CAT1,GENHLTH,RESP060,"(37.645970271000465, -84.77497104799966)"
2014,LA,Louisiana,Health Status,Overall Health,How is your general health?,Excellent,Overall,Overall,"1,108",19.1,17.9,20.4,1,%,Crude Prevalence,,,BRFSS,CLASS08,Topic41,22,BO1,CAT1,GENHLTH,RESP056,"(31.31266064400046, -92.44568007099969)"
2014,LA,Louisiana,Health Status,Overall Health,How is your general health?,Very good,Overall,Overall,"1,916",28.7,27.3,30.1,2,%,Crude Prevalence,,,BRFSS,CLASS08,Topic41,22,BO1,CAT1,GENHLTH,RESP057,"(31.31266064400046, -92.44568007099969)"
2014,LA,Louisiana,Health Status,Overall Health,How is your general health?,Good,Overall,Overall,"2,061",30.5,29.1,31.8,3,%,Crude Prevalence,,,BRFSS,CLASS08,Topic41,22,BO1,CAT1,GENHLTH,RESP058,"(31.31266064400046, -92.44568007099969)"
2014,LA,Louisiana,Health Status,Overall Health,How is your general health?,Fair,Overall,Overall,"1,122",14.8,13.8,15.9,4,%,Crude Prevalence,,,BRFSS,CLASS08,Topic41,22,BO1,CAT1,GENHLTH,RESP059,"(31.31266064400046, -92.44568007099969)"
2014,LA,Louisiana,Health Status,Overall Health,How is your general health?,Poor,Overall,Overall,558,6.9,6.2,7.5,5,%,Crude Prevalence,,,BRFSS,CLASS08,Topic41,22,BO1,CAT1,GENHLTH,RESP060,"(31.31266064400046, -92.44568007099969)"
2014,ME,Maine,Health Status,Overall Health,How is your general health?,Excellent,Overall,Overall,"1,694",18.9,17.8,20.1,1,%,Crude Prevalence,,,BRFSS,CLASS08,Topic41,23,BO1,CAT1,GENHLTH,RESP056,"(45.254228894000505, -68.98503133599962)"
2014,ME,Maine,Health Status,Overall Health,How is your general health?,Very good,Overall,Overall,"3,319",37.1,35.7,38.4,2,%,Crude Prevalence,,,BRFSS,CLASS08,Topic41,23,BO1,CAT1,GENHLTH,RESP057,"(45.254228894000505, -68.98503133599962)"
2014,ME,Maine,Health Status,Overall Health,How is your general health?,Good,Overall,Overall,"2,612",28.9,27.7,30.2,3,%,Crude Prevalence,,,BRFSS,CLASS08,Topic41,23,BO1,CAT1,GENHLTH,RESP058,"(45.254228894000505, -68.98503133599962)"
2014,ME,Maine,Health Status,Overall Health,How is your general health?,Fair,Overall,Overall,"1,036",10.9,10,11.8,4,%,Crude Prevalence,,,BRFSS,CLASS08,Topic41,23,BO1,CAT1,GENHLTH,RESP059,"(45.254228894000505, -68.98503133599962)"
2014,ME,Maine,Health Status,Overall Health,How is your general health?,Poor,Overall,Overall,440,4.2,3.6,4.7,5,%,Crude Prevalence,,,BRFSS,CLASS08,Topic41,23,BO1,CAT1,GENHLTH,RESP060,"(45.254228894000505, -68.98503133599962)"
2014,MD,Maryland,Health Status,Overall Health,How is your general health?,Excellent,Overall,Overall,"2,397",21.4,20,22.7,1,%,Crude Prevalence,,,BRFSS,CLASS08,Topic41,24,BO1,CAT1,GENHLTH,RESP056,"(39.29058096400047, -76.60926011099963)"
2014,MD,Maryland,Health Status,Overall Health,How is your general health?,Very good,Overall,Overall,"4,336",34.6,33,36.1,2,%,Crude Prevalence,,,BRFSS,CLASS08,Topic41,24,BO1,CAT1,GENHLTH,RESP057,"(39.29058096400047, -76.60926011099963)"
2014,MD,Maryland,Health Status,Overall Health,How is your general health?,Good,Overall,Overall,"3,784",29.9,28.4,31.4,3,%,Crude Prevalence,,,BRFSS,CLASS08,Topic41,24,BO1,CAT1,GENHLTH,RESP058,"(39.29058096400047, -76.60926011099963)"
2014,MD,Maryland,Health Status,Overall Health,How is your general health?,Fair,Overall,Overall,"1,496",11.5,10.4,12.6,4,%,Crude Prevalence,,,BRFSS,CLASS08,Topic41,24,BO1,CAT1,GENHLTH,RESP059,"(39.29058096400047, -76.60926011099963)"
2014,MD,Maryland,Health Status,Overall Health,How is your general health?,Poor,Overall,Overall,530,2.7,2.3,3.2,5,%,Crude Prevalence,,,BRFSS,CLASS08,Topic41,24,BO1,CAT1,GENHLTH,RESP060,"(39.29058096400047, -76.60926011099963)"
2014,MA,Massachusetts,Health Status,Overall Health,How is your general health?,Excellent,Overall,Overall,"3,299",24,23,25.1,1,%,Crude Prevalence,,,BRFSS,CLASS08,Topic41,25,BO1,CAT1,GENHLTH,RESP056,"(42.27687047000046, -72.08269067499964)"
2014,MA,Massachusetts,Health Status,Overall Health,How is your general health?,Very good,Overall,Overall,"5,331",34.5,33.3,35.7,2,%,Crude Prevalence,,,BRFSS,CLASS08,Topic41,25,BO1,CAT1,GENHLTH,RESP057,"(42.27687047000046, -72.08269067499964)"
2014,MA,Massachusetts,Health Status,Overall Health,How is your general health?,Good,Overall,Overall,"4,355",27,25.9,28.1,3,%,Crude Prevalence,,,BRFSS,CLASS08,Topic41,25,BO1,CAT1,GENHLTH,RESP058,"(42.27687047000046, -72.08269067499964)"
2014,MA,Massachusetts,Health Status,Overall Health,How is your general health?,Fair,Overall,Overall,"1,840",10.5,9.7,11.3,4,%,Crude Prevalence,,,BRFSS,CLASS08,Topic41,25,BO1,CAT1,GENHLTH,RESP059,"(42.27687047000046, -72.08269067499964)"
2014,MA,Massachusetts,Health Status,Overall Health,How is your general health?,Poor,Overall,Overall,789,4,3.5,4.5,5,%,Crude Prevalence,,,BRFSS,CLASS08,Topic41,25,BO1,CAT1,GENHLTH,RESP060,"(42.27687047000046, -72.08269067499964)"
2014,MI,Michigan,Health Status,Overall Health,How is your general health?,Excellent,Overall,Overall,"1,335",15.6,14.6,16.6,1,%,Crude Prevalence,,,BRFSS,CLASS08,Topic41,26,BO1,CAT1,GENHLTH,RESP056,"(44.6613195430005, -84.71439026999968)"
2014,MI,Michigan,Health Status,Overall Health,How is your general health?,Very good,Overall,Overall,"2,994",34.8,33.5,36.1,2,%,Crude Prevalence,,,BRFSS,CLASS08,Topic41,26,BO1,CAT1,GENHLTH,RESP057,"(44.6613195430005, -84.71439026999968)"
2014,MI,Michigan,Health Status,Overall Health,How is your general health?,Good,Overall,Overall,"2,692",32.8,31.5,34.1,3,%,Crude Prevalence,,,BRFSS,CLASS08,Topic41,26,BO1,CAT1,GENHLTH,RESP058,"(44.6613195430005, -84.71439026999968)"
2014,MI,Michigan,Health Status,Overall Health,How is your general health?,Fair,Overall,Overall,"1,027",11.8,10.9,12.7,4,%,Crude Prevalence,,,BRFSS,CLASS08,Topic41,26,BO1,CAT1,GENHLTH,RESP059,"(44.6613195430005, -84.71439026999968)"
2014,MI,Michigan,Health Status,Overall Health,How is your general health?,Poor,Overall,Overall,406,5,4.4,5.6,5,%,Crude Prevalence,,,BRFSS,CLASS08,Topic41,26,BO1,CAT1,GENHLTH,RESP060,"(44.6613195430005, -84.71439026999968)"
2014,MN,Minnesota,Health Status,Overall Health,How is your general health?,Excellent,Overall,Overall,"3,209",20.2,19.4,20.9,1,%,Crude Prevalence,,,BRFSS,CLASS08,Topic41,27,BO1,CAT1,GENHLTH,RESP056,"(46.35564873600049, -94.79420050299967)"
2014,MN,Minnesota,Health Status,Overall Health,How is your general health?,Very good,Overall,Overall,"6,207",37.5,36.6,38.4,2,%,Crude Prevalence,,,BRFSS,CLASS08,Topic41,27,BO1,CAT1,GENHLTH,RESP057,"(46.35564873600049, -94.79420050299967)"
2014,MN,Minnesota,Health Status,Overall Health,How is your general health?,Good,Overall,Overall,"4,880",30.3,29.4,31.2,3,%,Crude Prevalence,,,BRFSS,CLASS08,Topic41,27,BO1,CAT1,GENHLTH,RESP058,"(46.35564873600049, -94.79420050299967)"
2014,MN,Minnesota,Health Status,Overall Health,How is your general health?,Fair,Overall,Overall,"1,570",9.3,8.8,9.9,4,%,Crude Prevalence,,,BRFSS,CLASS08,Topic41,27,BO1,CAT1,GENHLTH,RESP059,"(46.35564873600049, -94.79420050299967)"
2014,MN,Minnesota,Health Status,Overall Health,How is your general health?,Poor,Overall,Overall,509,2.7,2.4,3,5,%,Crude Prevalence,,,BRFSS,CLASS08,Topic41,27,BO1,CAT1,GENHLTH,RESP060,"(46.35564873600049, -94.79420050299967)"
2014,MS,Mississippi,Health Status,Overall Health,How is your general health?,Excellent,Overall,Overall,520,16,14.3,17.7,1,%,Crude Prevalence,,,BRFSS,CLASS08,Topic41,28,BO1,CAT1,GENHLTH,RESP056,"(32.745510099000455, -89.53803082499968)"
2014,MS,Mississippi,Health Status,Overall Health,How is your general health?,Very good,Overall,Overall,"1,126",28.3,26.3,30.2,2,%,Crude Prevalence,,,BRFSS,CLASS08,Topic41,28,BO1,CAT1,GENHLTH,RESP057,"(32.745510099000455, -89.53803082499968)"
2014,MS,Mississippi,Health Status,Overall Health,How is your general health?,Good,Overall,Overall,"1,426",33.7,31.7,35.8,3,%,Crude Prevalence,,,BRFSS,CLASS08,Topic41,28,BO1,CAT1,GENHLTH,RESP058,"(32.745510099000455, -89.53803082499968)"
2014,MS,Mississippi,Health Status,Overall Health,How is your general health?,Fair,Overall,Overall,725,14.5,13.1,15.9,4,%,Crude Prevalence,,,BRFSS,CLASS08,Topic41,28,BO1,CAT1,GENHLTH,RESP059,"(32.745510099000455, -89.53803082499968)"
2014,MS,Mississippi,Health Status,Overall Health,How is your general health?,Poor,Overall,Overall,386,7.5,6.5,8.5,5,%,Crude Prevalence,,,BRFSS,CLASS08,Topic41,28,BO1,CAT1,GENHLTH,RESP060,"(32.745510099000455, -89.53803082499968)"
2014,MO,Missouri,Health Status,Overall Health,How is your general health?,Excellent,Overall,Overall,"1,008",18,16.5,19.4,1,%,Crude Prevalence,,,BRFSS,CLASS08,Topic41,29,BO1,CAT1,GENHLTH,RESP056,"(38.635790776000476, -92.56630005299968)"
2014,MO,Missouri,Health Status,Overall Health,How is your general health?,Very good,Overall,Overall,"2,184",34,32.3,35.7,2,%,Crude Prevalence,,,BRFSS,CLASS08,Topic41,29,BO1,CAT1,GENHLTH,RESP057,"(38.635790776000476, -92.56630005299968)"
2014,MO,Missouri,Health Status,Overall Health,How is your general health?,Good,Overall,Overall,"2,278",31.1,29.5,32.8,3,%,Crude Prevalence,,,BRFSS,CLASS08,Topic41,29,BO1,CAT1,GENHLTH,RESP058,"(38.635790776000476, -92.56630005299968)"
2014,MO,Missouri,Health Status,Overall Health,How is your general health?,Fair,Overall,Overall,"1,101",11.9,10.8,12.9,4,%,Crude Prevalence,,,BRFSS,CLASS08,Topic41,29,BO1,CAT1,GENHLTH,RESP059,"(38.635790776000476, -92.56630005299968)"
2014,MO,Missouri,Health Status,Overall Health,How is your general health?,Poor,Overall,Overall,494,5,4.3,5.7,5,%,Crude Prevalence,,,BRFSS,CLASS08,Topic41,29,BO1,CAT1,GENHLTH,RESP060,"(38.635790776000476, -92.56630005299968)"
2014,MT,Montana,Health Status,Overall Health,How is your general health?,Excellent,Overall,Overall,"1,346",20.2,18.9,21.6,1,%,Crude Prevalence,,,BRFSS,CLASS08,Topic41,30,BO1,CAT1,GENHLTH,RESP056,"(47.06652897200047, -109.42442064499971)"
2014,MT,Montana,Health Status,Overall Health,How is your general health?,Very good,Overall,Overall,"2,402",34.3,32.7,35.9,2,%,Crude Prevalence,,,BRFSS,CLASS08,Topic41,30,BO1,CAT1,GENHLTH,RESP057,"(47.06652897200047, -109.42442064499971)"
2014,MT,Montana,Health Status,Overall Health,How is your general health?,Good,Overall,Overall,"2,357",30,28.5,31.6,3,%,Crude Prevalence,,,BRFSS,CLASS08,Topic41,30,BO1,CAT1,GENHLTH,RESP058,"(47.06652897200047, -109.42442064499971)"
2014,MT,Montana,Health Status,Overall Health,How is your general health?,Fair,Overall,Overall,955,11.1,10,12.2,4,%,Crude Prevalence,,,BRFSS,CLASS08,Topic41,30,BO1,CAT1,GENHLTH,RESP059,"(47.06652897200047, -109.42442064499971)"
2014,MT,Montana,Health Status,Overall Health,How is your general health?,Poor,Overall,Overall,414,4.3,3.7,5,5,%,Crude Prevalence,,,BRFSS,CLASS08,Topic41,30,BO1,CAT1,GENHLTH,RESP060,"(47.06652897200047, -109.42442064499971)"
2014,NE,Nebraska,Health Status,Overall Health,How is your general health?,Excellent,Overall,Overall,"3,867",19.3,18.4,20.1,1,%,Crude Prevalence,,,BRFSS,CLASS08,Topic41,31,BO1,CAT1,GENHLTH,RESP056,"(41.6410409880005, -99.36572062299967)"
2014,NE,Nebraska,Health Status,Overall Health,How is your general health?,Very good,Overall,Overall,"7,984",36.5,35.4,37.5,2,%,Crude Prevalence,,,BRFSS,CLASS08,Topic41,31,BO1,CAT1,GENHLTH,RESP057,"(41.6410409880005, -99.36572062299967)"
2014,NE,Nebraska,Health Status,Overall Health,How is your general health?,Good,Overall,Overall,"7,017",31.1,30.1,32.1,3,%,Crude Prevalence,,,BRFSS,CLASS08,Topic41,31,BO1,CAT1,GENHLTH,RESP058,"(41.6410409880005, -99.36572062299967)"
2014,NE,Nebraska,Health Status,Overall Health,How is your general health?,Fair,Overall,Overall,"2,541",9.9,9.3,10.5,4,%,Crude Prevalence,,,BRFSS,CLASS08,Topic41,31,BO1,CAT1,GENHLTH,RESP059,"(41.6410409880005, -99.36572062299967)"
2014,NE,Nebraska,Health Status,Overall Health,How is your general health?,Poor,Overall,Overall,961,3.3,3,3.7,5,%,Crude Prevalence,,,BRFSS,CLASS08,Topic41,31,BO1,CAT1,GENHLTH,RESP060,"(41.6410409880005, -99.36572062299967)"
2014,NV,Nevada,Health Status,Overall Health,How is your general health?,Very good,Overall,Overall,"1,198",29.1,26.9,31.4,2,%,Crude Prevalence,,,BRFSS,CLASS08,Topic41,32,BO1,CAT1,GENHLTH,RESP057,"(39.493240390000494, -117.07184056399967)"
2014,NV,Nevada,Health Status,Overall Health,How is your general health?,Good,Overall,Overall,"1,168",33.9,31.4,36.3,3,%,Crude Prevalence,,,BRFSS,CLASS08,Topic41,32,BO1,CAT1,GENHLTH,RESP058,"(39.493240390000494, -117.07184056399967)"
2014,NV,Nevada,Health Status,Overall Health,How is your general health?,Fair,Overall,Overall,516,13.8,12,15.6,4,%,Crude Prevalence,,,BRFSS,CLASS08,Topic41,32,BO1,CAT1,GENHLTH,RESP059,"(39.493240390000494, -117.07184056399967)"
2014,NV,Nevada,Health Status,Overall Health,How is your general health?,Excellent,Overall,Overall,658,18.6,16.5,20.6,1,%,Crude Prevalence,,,BRFSS,CLASS08,Topic41,32,BO1,CAT1,GENHLTH,RESP056,"(39.493240390000494, -117.07184056399967)"
2014,NV,Nevada,Health Status,Overall Health,How is your general health?,Poor,Overall,Overall,216,4.7,3.7,5.7,5,%,Crude Prevalence,,,BRFSS,CLASS08,Topic41,32,BO1,CAT1,GENHLTH,RESP060,"(39.493240390000494, -117.07184056399967)"
2014,NH,New Hampshire,Health Status,Overall Health,How is your general health?,Excellent,Overall,Overall,"1,238",21.1,19.6,22.6,1,%,Crude Prevalence,,,BRFSS,CLASS08,Topic41,33,BO1,CAT1,GENHLTH,RESP056,"(43.65595011300047, -71.50036091999965)"
2014,NH,New Hampshire,Health Status,Overall Health,How is your general health?,Very good,Overall,Overall,"2,313",38.9,37.2,40.7,2,%,Crude Prevalence,,,BRFSS,CLASS08,Topic41,33,BO1,CAT1,GENHLTH,RESP057,"(43.65595011300047, -71.50036091999965)"
2014,NH,New Hampshire,Health Status,Overall Health,How is your general health?,Good,Overall,Overall,"1,676",26.3,24.7,27.9,3,%,Crude Prevalence,,,BRFSS,CLASS08,Topic41,33,BO1,CAT1,GENHLTH,RESP058,"(43.65595011300047, -71.50036091999965)"
2014,NH,New Hampshire,Health Status,Overall Health,How is your general health?,Fair,Overall,Overall,663,9.8,8.7,10.9,4,%,Crude Prevalence,,,BRFSS,CLASS08,Topic41,33,BO1,CAT1,GENHLTH,RESP059,"(43.65595011300047, -71.50036091999965)"
2014,NH,New Hampshire,Health Status,Overall Health,How is your general health?,Poor,Overall,Overall,281,3.9,3.2,4.5,5,%,Crude Prevalence,,,BRFSS,CLASS08,Topic41,33,BO1,CAT1,GENHLTH,RESP060,"(43.65595011300047, -71.50036091999965)"
2014,NJ,New Jersey,Health Status,Overall Health,How is your general health?,Excellent,Overall,Overall,"2,543",20.5,19.4,21.6,1,%,Crude Prevalence,,,BRFSS,CLASS08,Topic41,34,BO1,CAT1,GENHLTH,RESP056,"(40.13057004800049, -74.27369128799967)"
2014,NJ,New Jersey,Health Status,Overall Health,How is your general health?,Very good,Overall,Overall,"4,251",32.1,30.8,33.3,2,%,Crude Prevalence,,,BRFSS,CLASS08,Topic41,34,BO1,CAT1,GENHLTH,RESP057,"(40.13057004800049, -74.27369128799967)"
2014,NJ,New Jersey,Health Status,Overall Health,How is your general health?,Good,Overall,Overall,"3,906",30.6,29.4,31.8,3,%,Crude Prevalence,,,BRFSS,CLASS08,Topic41,34,BO1,CAT1,GENHLTH,RESP058,"(40.13057004800049, -74.27369128799967)"
2014,NJ,New Jersey,Health Status,Overall Health,How is your general health?,Fair,Overall,Overall,"1,730",13.2,12.3,14.1,4,%,Crude Prevalence,,,BRFSS,CLASS08,Topic41,34,BO1,CAT1,GENHLTH,RESP059,"(40.13057004800049, -74.27369128799967)"
2014,NJ,New Jersey,Health Status,Overall Health,How is your general health?,Poor,Overall,Overall,570,3.7,3.2,4.1,5,%,Crude Prevalence,,,BRFSS,CLASS08,Topic41,34,BO1,CAT1,GENHLTH,RESP060,"(40.13057004800049, -74.27369128799967)"
2014,NM,New Mexico,Health Status,Overall Health,How is your general health?,Excellent,Overall,Overall,"1,469",17.4,16.1,18.6,1,%,Crude Prevalence,,,BRFSS,CLASS08,Topic41,35,BO1,CAT1,GENHLTH,RESP056,"(34.52088095200048, -106.24058098499967)"
2014,NM,New Mexico,Health Status,Overall Health,How is your general health?,Very good,Overall,Overall,"2,614",27.9,26.5,29.4,2,%,Crude Prevalence,,,BRFSS,CLASS08,Topic41,35,BO1,CAT1,GENHLTH,RESP057,"(34.52088095200048, -106.24058098499967)"
2014,NM,New Mexico,Health Status,Overall Health,How is your general health?,Good,Overall,Overall,"2,912",34,32.5,35.6,3,%,Crude Prevalence,,,BRFSS,CLASS08,Topic41,35,BO1,CAT1,GENHLTH,RESP058,"(34.52088095200048, -106.24058098499967)"
2014,NM,New Mexico,Health Status,Overall Health,How is your general health?,Fair,Overall,Overall,"1,333",14.5,13.4,15.6,4,%,Crude Prevalence,,,BRFSS,CLASS08,Topic41,35,BO1,CAT1,GENHLTH,RESP059,"(34.52088095200048, -106.24058098499967)"
2014,NM,New Mexico,Health Status,Overall Health,How is your general health?,Poor,Overall,Overall,587,6.2,5.4,6.9,5,%,Crude Prevalence,,,BRFSS,CLASS08,Topic41,35,BO1,CAT1,GENHLTH,RESP060,"(34.52088095200048, -106.24058098499967)"
2014,NY,New York,Health Status,Overall Health,How is your general health?,Excellent,Overall,Overall,"1,326",19.9,18.7,21.2,1,%,Crude Prevalence,,,BRFSS,CLASS08,Topic41,36,BO1,CAT1,GENHLTH,RESP056,"(42.82700103200045, -75.54397042699964)"
2014,NY,New York,Health Status,Overall Health,How is your general health?,Very good,Overall,Overall,"2,197",31.2,29.8,32.6,2,%,Crude Prevalence,,,BRFSS,CLASS08,Topic41,36,BO1,CAT1,GENHLTH,RESP057,"(42.82700103200045, -75.54397042699964)"
2014,NY,New York,Health Status,Overall Health,How is your general health?,Good,Overall,Overall,"2,080",31.7,30.2,33.1,3,%,Crude Prevalence,,,BRFSS,CLASS08,Topic41,36,BO1,CAT1,GENHLTH,RESP058,"(42.82700103200045, -75.54397042699964)"
2014,NY,New York,Health Status,Overall Health,How is your general health?,Fair,Overall,Overall,843,12.3,11.2,13.3,4,%,Crude Prevalence,,,BRFSS,CLASS08,Topic41,36,BO1,CAT1,GENHLTH,RESP059,"(42.82700103200045, -75.54397042699964)"
2014,NY,New York,Health Status,Overall Health,How is your general health?,Poor,Overall,Overall,356,4.9,4.2,5.6,5,%,Crude Prevalence,,,BRFSS,CLASS08,Topic41,36,BO1,CAT1,GENHLTH,RESP060,"(42.82700103200045, -75.54397042699964)"
2014,NC,North Carolina,Health Status,Overall Health,How is your general health?,Excellent,Overall,Overall,"1,262",19,17.8,20.1,1,%,Crude Prevalence,,,BRFSS,CLASS08,Topic41,37,BO1,CAT1,GENHLTH,RESP056,"(35.466220975000454, -79.15925046299964)"
2014,NC,North Carolina,Health Status,Overall Health,How is your general health?,Very good,Overall,Overall,"2,221",31.7,30.4,33,2,%,Crude Prevalence,,,BRFSS,CLASS08,Topic41,37,BO1,CAT1,GENHLTH,RESP057,"(35.466220975000454, -79.15925046299964)"
2014,NC,North Carolina,Health Status,Overall Health,How is your general health?,Good,Overall,Overall,"2,238",30.4,29.1,31.7,3,%,Crude Prevalence,,,BRFSS,CLASS08,Topic41,37,BO1,CAT1,GENHLTH,RESP058,"(35.466220975000454, -79.15925046299964)"
2014,NC,North Carolina,Health Status,Overall Health,How is your general health?,Fair,Overall,Overall,"1,060",13.5,12.6,14.4,4,%,Crude Prevalence,,,BRFSS,CLASS08,Topic41,37,BO1,CAT1,GENHLTH,RESP059,"(35.466220975000454, -79.15925046299964)"
2014,NC,North Carolina,Health Status,Overall Health,How is your general health?,Poor,Overall,Overall,475,5.5,4.9,6.1,5,%,Crude Prevalence,,,BRFSS,CLASS08,Topic41,37,BO1,CAT1,GENHLTH,RESP060,"(35.466220975000454, -79.15925046299964)"
2014,ND,North Dakota,Health Status,Overall Health,How is your general health?,Excellent,Overall,Overall,"1,243",17.9,16.4,19.4,1,%,Crude Prevalence,,,BRFSS,CLASS08,Topic41,38,BO1,CAT1,GENHLTH,RESP056,"(47.47531977900047, -100.11842104899966)"
2014,ND,North Dakota,Health Status,Overall Health,How is your general health?,Very good,Overall,Overall,"2,781",36.9,35.1,38.7,2,%,Crude Prevalence,,,BRFSS,CLASS08,Topic41,38,BO1,CAT1,GENHLTH,RESP057,"(47.47531977900047, -100.11842104899966)"
2014,ND,North Dakota,Health Status,Overall Health,How is your general health?,Good,Overall,Overall,"2,534",31.1,29.5,32.8,3,%,Crude Prevalence,,,BRFSS,CLASS08,Topic41,38,BO1,CAT1,GENHLTH,RESP058,"(47.47531977900047, -100.11842104899966)"
2014,ND,North Dakota,Health Status,Overall Health,How is your general health?,Fair,Overall,Overall,898,11,9.9,12.1,4,%,Crude Prevalence,,,BRFSS,CLASS08,Topic41,38,BO1,CAT1,GENHLTH,RESP059,"(47.47531977900047, -100.11842104899966)"
2014,ND,North Dakota,Health Status,Overall Health,How is your general health?,Poor,Overall,Overall,278,3.1,2.6,3.7,5,%,Crude Prevalence,,,BRFSS,CLASS08,Topic41,38,BO1,CAT1,GENHLTH,RESP060,"(47.47531977900047, -100.11842104899966)"
2014,OH,Ohio,Health Status,Overall Health,How is your general health?,Excellent,Overall,Overall,"1,689",18.2,17,19.4,1,%,Crude Prevalence,,,BRFSS,CLASS08,Topic41,39,BO1,CAT1,GENHLTH,RESP056,"(40.06021014100048, -82.40426005599966)"
2014,OH,Ohio,Health Status,Overall Health,How is your general health?,Very good,Overall,Overall,"3,499",32.4,31,33.8,2,%,Crude Prevalence,,,BRFSS,CLASS08,Topic41,39,BO1,CAT1,GENHLTH,RESP057,"(40.06021014100048, -82.40426005599966)"
2014,OH,Ohio,Health Status,Overall Health,How is your general health?,Good,Overall,Overall,"3,425",31.5,30.2,32.9,3,%,Crude Prevalence,,,BRFSS,CLASS08,Topic41,39,BO1,CAT1,GENHLTH,RESP058,"(40.06021014100048, -82.40426005599966)"
2014,OH,Ohio,Health Status,Overall Health,How is your general health?,Fair,Overall,Overall,"1,643",13.1,12.1,14,4,%,Crude Prevalence,,,BRFSS,CLASS08,Topic41,39,BO1,CAT1,GENHLTH,RESP059,"(40.06021014100048, -82.40426005599966)"
2014,OH,Ohio,Health Status,Overall Health,How is your general health?,Poor,Overall,Overall,651,4.8,4.2,5.4,5,%,Crude Prevalence,,,BRFSS,CLASS08,Topic41,39,BO1,CAT1,GENHLTH,RESP060,"(40.06021014100048, -82.40426005599966)"
2014,OK,Oklahoma,Health Status,Overall Health,How is your general health?,Excellent,Overall,Overall,"1,209",16.3,15.3,17.4,1,%,Crude Prevalence,,,BRFSS,CLASS08,Topic41,40,BO1,CAT1,GENHLTH,RESP056,"(35.47203135600046, -97.52107021399968)"
2014,OK,Oklahoma,Health Status,Overall Health,How is your general health?,Very good,Overall,Overall,"2,513",30.6,29.3,31.8,2,%,Crude Prevalence,,,BRFSS,CLASS08,Topic41,40,BO1,CAT1,GENHLTH,RESP057,"(35.47203135600046, -97.52107021399968)"
2014,OK,Oklahoma,Health Status,Overall Health,How is your general health?,Good,Overall,Overall,"2,749",32.6,31.4,33.9,3,%,Crude Prevalence,,,BRFSS,CLASS08,Topic41,40,BO1,CAT1,GENHLTH,RESP058,"(35.47203135600046, -97.52107021399968)"
2014,OK,Oklahoma,Health Status,Overall Health,How is your general health?,Fair,Overall,Overall,"1,293",14.1,13.1,15,4,%,Crude Prevalence,,,BRFSS,CLASS08,Topic41,40,BO1,CAT1,GENHLTH,RESP059,"(35.47203135600046, -97.52107021399968)"
2014,OK,Oklahoma,Health Status,Overall Health,How is your general health?,Poor,Overall,Overall,667,6.4,5.8,7,5,%,Crude Prevalence,,,BRFSS,CLASS08,Topic41,40,BO1,CAT1,GENHLTH,RESP060,"(35.47203135600046, -97.52107021399968)"
2014,OR,Oregon,Health Status,Overall Health,How is your general health?,Excellent,Overall,Overall,999,20.4,18.9,22,1,%,Crude Prevalence,,,BRFSS,CLASS08,Topic41,41,BO1,CAT1,GENHLTH,RESP056,"(44.56744942400047, -120.15503132599969)"
2014,OR,Oregon,Health Status,Overall Health,How is your general health?,Very good,Overall,Overall,"1,786",33.7,32,35.4,2,%,Crude Prevalence,,,BRFSS,CLASS08,Topic41,41,BO1,CAT1,GENHLTH,RESP057,"(44.56744942400047, -120.15503132599969)"
2014,OR,Oregon,Health Status,Overall Health,How is your general health?,Good,Overall,Overall,"1,547",30.3,28.6,32,3,%,Crude Prevalence,,,BRFSS,CLASS08,Topic41,41,BO1,CAT1,GENHLTH,RESP058,"(44.56744942400047, -120.15503132599969)"
2014,OR,Oregon,Health Status,Overall Health,How is your general health?,Fair,Overall,Overall,599,11.1,9.9,12.2,4,%,Crude Prevalence,,,BRFSS,CLASS08,Topic41,41,BO1,CAT1,GENHLTH,RESP059,"(44.56744942400047, -120.15503132599969)"
2014,OR,Oregon,Health Status,Overall Health,How is your general health?,Poor,Overall,Overall,275,4.6,3.9,5.2,5,%,Crude Prevalence,,,BRFSS,CLASS08,Topic41,41,BO1,CAT1,GENHLTH,RESP060,"(44.56744942400047, -120.15503132599969)"
2014,PA,Pennsylvania,Health Status,Overall Health,How is your general health?,Excellent,Overall,Overall,"1,850",18.7,17.7,19.8,1,%,Crude Prevalence,,,BRFSS,CLASS08,Topic41,42,BO1,CAT1,GENHLTH,RESP056,"(40.79373015200048, -77.86070029399963)"
2014,PA,Pennsylvania,Health Status,Overall Health,How is your general health?,Very good,Overall,Overall,"3,552",34.2,32.9,35.5,2,%,Crude Prevalence,,,BRFSS,CLASS08,Topic41,42,BO1,CAT1,GENHLTH,RESP057,"(40.79373015200048, -77.86070029399963)"
2014,PA,Pennsylvania,Health Status,Overall Health,How is your general health?,Good,Overall,Overall,"3,447",30,28.8,31.2,3,%,Crude Prevalence,,,BRFSS,CLASS08,Topic41,42,BO1,CAT1,GENHLTH,RESP058,"(40.79373015200048, -77.86070029399963)"
2014,PA,Pennsylvania,Health Status,Overall Health,How is your general health?,Fair,Overall,Overall,"1,530",12.7,11.8,13.5,4,%,Crude Prevalence,,,BRFSS,CLASS08,Topic41,42,BO1,CAT1,GENHLTH,RESP059,"(40.79373015200048, -77.86070029399963)"
2014,PA,Pennsylvania,Health Status,Overall Health,How is your general health?,Poor,Overall,Overall,544,4.4,3.9,5,5,%,Crude Prevalence,,,BRFSS,CLASS08,Topic41,42,BO1,CAT1,GENHLTH,RESP060,"(40.79373015200048, -77.86070029399963)"
2014,RI,Rhode Island,Health Status,Overall Health,How is your general health?,Excellent,Overall,Overall,"1,235",18.9,17.6,20.3,1,%,Crude Prevalence,,,BRFSS,CLASS08,Topic41,44,BO1,CAT1,GENHLTH,RESP056,"(41.70828019300046, -71.52247031399963)"
2014,RI,Rhode Island,Health Status,Overall Health,How is your general health?,Very good,Overall,Overall,"2,258",36.8,35,38.5,2,%,Crude Prevalence,,,BRFSS,CLASS08,Topic41,44,BO1,CAT1,GENHLTH,RESP057,"(41.70828019300046, -71.52247031399963)"
2014,RI,Rhode Island,Health Status,Overall Health,How is your general health?,Good,Overall,Overall,"1,862",29.1,27.5,30.7,3,%,Crude Prevalence,,,BRFSS,CLASS08,Topic41,44,BO1,CAT1,GENHLTH,RESP058,"(41.70828019300046, -71.52247031399963)"
2014,RI,Rhode Island,Health Status,Overall Health,How is your general health?,Fair,Overall,Overall,809,11.7,10.6,12.8,4,%,Crude Prevalence,,,BRFSS,CLASS08,Topic41,44,BO1,CAT1,GENHLTH,RESP059,"(41.70828019300046, -71.52247031399963)"
2014,RI,Rhode Island,Health Status,Overall Health,How is your general health?,Poor,Overall,Overall,271,3.5,2.9,4.2,5,%,Crude Prevalence,,,BRFSS,CLASS08,Topic41,44,BO1,CAT1,GENHLTH,RESP060,"(41.70828019300046, -71.52247031399963)"
2014,SC,South Carolina,Health Status,Overall Health,How is your general health?,Excellent,Overall,Overall,"1,728",17.7,16.7,18.7,1,%,Crude Prevalence,,,BRFSS,CLASS08,Topic41,45,BO1,CAT1,GENHLTH,RESP056,"(33.998821303000454, -81.04537120699968)"
2014,SC,South Carolina,Health Status,Overall Health,How is your general health?,Very good,Overall,Overall,"3,380",32,30.8,33.3,2,%,Crude Prevalence,,,BRFSS,CLASS08,Topic41,45,BO1,CAT1,GENHLTH,RESP057,"(33.998821303000454, -81.04537120699968)"
2014,SC,South Carolina,Health Status,Overall Health,How is your general health?,Good,Overall,Overall,"3,416",30.5,29.3,31.7,3,%,Crude Prevalence,,,BRFSS,CLASS08,Topic41,45,BO1,CAT1,GENHLTH,RESP058,"(33.998821303000454, -81.04537120699968)"
2014,SC,South Carolina,Health Status,Overall Health,How is your general health?,Fair,Overall,Overall,"1,631",13.4,12.5,14.2,4,%,Crude Prevalence,,,BRFSS,CLASS08,Topic41,45,BO1,CAT1,GENHLTH,RESP059,"(33.998821303000454, -81.04537120699968)"
2014,SC,South Carolina,Health Status,Overall Health,How is your general health?,Poor,Overall,Overall,835,6.4,5.8,6.9,5,%,Crude Prevalence,,,BRFSS,CLASS08,Topic41,45,BO1,CAT1,GENHLTH,RESP060,"(33.998821303000454, -81.04537120699968)"
2014,SD,South Dakota,Health Status,Overall Health,How is your general health?,Excellent,Overall,Overall,"1,297",19,17.4,20.6,1,%,Crude Prevalence,,,BRFSS,CLASS08,Topic41,46,BO1,CAT1,GENHLTH,RESP056,"(44.353130053000484, -100.3735306369997)"
2014,SD,South Dakota,Health Status,Overall Health,How is your general health?,Very good,Overall,Overall,"2,690",36.9,35,38.9,2,%,Crude Prevalence,,,BRFSS,CLASS08,Topic41,46,BO1,CAT1,GENHLTH,RESP057,"(44.353130053000484, -100.3735306369997)"
2014,SD,South Dakota,Health Status,Overall Health,How is your general health?,Good,Overall,Overall,"2,252",30,28.2,31.9,3,%,Crude Prevalence,,,BRFSS,CLASS08,Topic41,46,BO1,CAT1,GENHLTH,RESP058,"(44.353130053000484, -100.3735306369997)"
2014,SD,South Dakota,Health Status,Overall Health,How is your general health?,Fair,Overall,Overall,842,10.6,9.4,11.9,4,%,Crude Prevalence,,,BRFSS,CLASS08,Topic41,46,BO1,CAT1,GENHLTH,RESP059,"(44.353130053000484, -100.3735306369997)"
2014,SD,South Dakota,Health Status,Overall Health,How is your general health?,Poor,Overall,Overall,310,3.4,2.7,4.1,5,%,Crude Prevalence,,,BRFSS,CLASS08,Topic41,46,BO1,CAT1,GENHLTH,RESP060,"(44.353130053000484, -100.3735306369997)"
2014,TN,Tennessee,Health Status,Overall Health,How is your general health?,Good,Overall,Overall,"1,574",29.8,28,31.7,3,%,Crude Prevalence,,,BRFSS,CLASS08,Topic41,47,BO1,CAT1,GENHLTH,RESP058,"(35.68094058000048, -85.77449091399967)"
2014,TN,Tennessee,Health Status,Overall Health,How is your general health?,Fair,Overall,Overall,959,16.2,14.7,17.6,4,%,Crude Prevalence,,,BRFSS,CLASS08,Topic41,47,BO1,CAT1,GENHLTH,RESP059,"(35.68094058000048, -85.77449091399967)"
2014,TN,Tennessee,Health Status,Overall Health,How is your general health?,Poor,Overall,Overall,464,7.6,6.6,8.6,5,%,Crude Prevalence,,,BRFSS,CLASS08,Topic41,47,BO1,CAT1,GENHLTH,RESP060,"(35.68094058000048, -85.77449091399967)"
2014,TN,Tennessee,Health Status,Overall Health,How is your general health?,Excellent,Overall,Overall,707,16.5,14.9,18.1,1,%,Crude Prevalence,,,BRFSS,CLASS08,Topic41,47,BO1,CAT1,GENHLTH,RESP056,"(35.68094058000048, -85.77449091399967)"
2014,TN,Tennessee,Health Status,Overall Health,How is your general health?,Very good,Overall,Overall,"1,424",29.9,28,31.8,2,%,Crude Prevalence,,,BRFSS,CLASS08,Topic41,47,BO1,CAT1,GENHLTH,RESP057,"(35.68094058000048, -85.77449091399967)"
2014,TX,Texas,Health Status,Overall Health,How is your general health?,Excellent,Overall,Overall,"2,577",18.1,17.1,19.1,1,%,Crude Prevalence,,,BRFSS,CLASS08,Topic41,48,BO1,CAT1,GENHLTH,RESP056,"(31.827240407000488, -99.42677020599967)"
2014,TX,Texas,Health Status,Overall Health,How is your general health?,Very good,Overall,Overall,"4,229",28,26.8,29.2,2,%,Crude Prevalence,,,BRFSS,CLASS08,Topic41,48,BO1,CAT1,GENHLTH,RESP057,"(31.827240407000488, -99.42677020599967)"
2014,TX,Texas,Health Status,Overall Health,How is your general health?,Good,Overall,Overall,"5,059",34.5,33.1,35.8,3,%,Crude Prevalence,,,BRFSS,CLASS08,Topic41,48,BO1,CAT1,GENHLTH,RESP058,"(31.827240407000488, -99.42677020599967)"
2014,TX,Texas,Health Status,Overall Health,How is your general health?,Fair,Overall,Overall,"2,315",14.2,13.3,15.2,4,%,Crude Prevalence,,,BRFSS,CLASS08,Topic41,48,BO1,CAT1,GENHLTH,RESP059,"(31.827240407000488, -99.42677020599967)"
2014,TX,Texas,Health Status,Overall Health,How is your general health?,Poor,Overall,Overall,942,5.3,4.7,5.8,5,%,Crude Prevalence,,,BRFSS,CLASS08,Topic41,48,BO1,CAT1,GENHLTH,RESP060,"(31.827240407000488, -99.42677020599967)"
2014,UT,Utah,Health Status,Overall Health,How is your general health?,Excellent,Overall,Overall,"3,355",22.9,22,23.7,1,%,Crude Prevalence,,,BRFSS,CLASS08,Topic41,49,BO1,CAT1,GENHLTH,RESP056,"(39.360700171000474, -111.58713063499971)"
2014,UT,Utah,Health Status,Overall Health,How is your general health?,Very good,Overall,Overall,"5,338",35.5,34.6,36.5,2,%,Crude Prevalence,,,BRFSS,CLASS08,Topic41,49,BO1,CAT1,GENHLTH,RESP057,"(39.360700171000474, -111.58713063499971)"
2014,UT,Utah,Health Status,Overall Health,How is your general health?,Good,Overall,Overall,"4,362",29.5,28.6,30.4,3,%,Crude Prevalence,,,BRFSS,CLASS08,Topic41,49,BO1,CAT1,GENHLTH,RESP058,"(39.360700171000474, -111.58713063499971)"
2014,UT,Utah,Health Status,Overall Health,How is your general health?,Fair,Overall,Overall,"1,375",9,8.5,9.6,4,%,Crude Prevalence,,,BRFSS,CLASS08,Topic41,49,BO1,CAT1,GENHLTH,RESP059,"(39.360700171000474, -111.58713063499971)"
2014,UT,Utah,Health Status,Overall Health,How is your general health?,Poor,Overall,Overall,547,3.1,2.8,3.4,5,%,Crude Prevalence,,,BRFSS,CLASS08,Topic41,49,BO1,CAT1,GENHLTH,RESP060,"(39.360700171000474, -111.58713063499971)"
2014,VT,Vermont,Health Status,Overall Health,How is your general health?,Excellent,Overall,Overall,"1,433",20.9,19.7,22.1,1,%,Crude Prevalence,,,BRFSS,CLASS08,Topic41,50,BO1,CAT1,GENHLTH,RESP056,"(43.62538123900049, -72.51764079099962)"
2014,VT,Vermont,Health Status,Overall Health,How is your general health?,Very good,Overall,Overall,"2,469",38.8,37.4,40.3,2,%,Crude Prevalence,,,BRFSS,CLASS08,Topic41,50,BO1,CAT1,GENHLTH,RESP057,"(43.62538123900049, -72.51764079099962)"
2014,VT,Vermont,Health Status,Overall Health,How is your general health?,Good,Overall,Overall,"1,756",28.6,27.2,29.9,3,%,Crude Prevalence,,,BRFSS,CLASS08,Topic41,50,BO1,CAT1,GENHLTH,RESP058,"(43.62538123900049, -72.51764079099962)"
2014,VT,Vermont,Health Status,Overall Health,How is your general health?,Fair,Overall,Overall,594,8.7,7.9,9.5,4,%,Crude Prevalence,,,BRFSS,CLASS08,Topic41,50,BO1,CAT1,GENHLTH,RESP059,"(43.62538123900049, -72.51764079099962)"
2014,VT,Vermont,Health Status,Overall Health,How is your general health?,Poor,Overall,Overall,206,3,2.5,3.5,5,%,Crude Prevalence,,,BRFSS,CLASS08,Topic41,50,BO1,CAT1,GENHLTH,RESP060,"(43.62538123900049, -72.51764079099962)"
2014,VA,Virginia,Health Status,Overall Health,How is your general health?,Excellent,Overall,Overall,"1,766",20.2,19,21.3,1,%,Crude Prevalence,,,BRFSS,CLASS08,Topic41,51,BO1,CAT1,GENHLTH,RESP056,"(37.54268067400045, -78.45789046299967)"
2014,VA,Virginia,Health Status,Overall Health,How is your general health?,Very good,Overall,Overall,"3,206",34.3,33,35.6,2,%,Crude Prevalence,,,BRFSS,CLASS08,Topic41,51,BO1,CAT1,GENHLTH,RESP057,"(37.54268067400045, -78.45789046299967)"
2014,VA,Virginia,Health Status,Overall Health,How is your general health?,Good,Overall,Overall,"2,785",28.7,27.5,30,3,%,Crude Prevalence,,,BRFSS,CLASS08,Topic41,51,BO1,CAT1,GENHLTH,RESP058,"(37.54268067400045, -78.45789046299967)"
2014,VA,Virginia,Health Status,Overall Health,How is your general health?,Fair,Overall,Overall,"1,181",12.2,11.3,13.1,4,%,Crude Prevalence,,,BRFSS,CLASS08,Topic41,51,BO1,CAT1,GENHLTH,RESP059,"(37.54268067400045, -78.45789046299967)"
2014,VA,Virginia,Health Status,Overall Health,How is your general health?,Poor,Overall,Overall,506,4.7,4.1,5.3,5,%,Crude Prevalence,,,BRFSS,CLASS08,Topic41,51,BO1,CAT1,GENHLTH,RESP060,"(37.54268067400045, -78.45789046299967)"
2014,WA,Washington,Health Status,Overall Health,How is your general health?,Excellent,Overall,Overall,"1,757",17.9,16.9,19,1,%,Crude Prevalence,,,BRFSS,CLASS08,Topic41,53,BO1,CAT1,GENHLTH,RESP056,"(47.52227862900048, -120.47001078999972)"
2014,WA,Washington,Health Status,Overall Health,How is your general health?,Very good,Overall,Overall,"3,555",35.3,34,36.6,2,%,Crude Prevalence,,,BRFSS,CLASS08,Topic41,53,BO1,CAT1,GENHLTH,RESP057,"(47.52227862900048, -120.47001078999972)"
2014,WA,Washington,Health Status,Overall Health,How is your general health?,Good,Overall,Overall,"3,111",30.8,29.5,32.1,3,%,Crude Prevalence,,,BRFSS,CLASS08,Topic41,53,BO1,CAT1,GENHLTH,RESP058,"(47.52227862900048, -120.47001078999972)"
2014,WA,Washington,Health Status,Overall Health,How is your general health?,Fair,Overall,Overall,"1,195",12.2,11.2,13.2,4,%,Crude Prevalence,,,BRFSS,CLASS08,Topic41,53,BO1,CAT1,GENHLTH,RESP059,"(47.52227862900048, -120.47001078999972)"
2014,WA,Washington,Health Status,Overall Health,How is your general health?,Poor,Overall,Overall,455,3.8,3.3,4.3,5,%,Crude Prevalence,,,BRFSS,CLASS08,Topic41,53,BO1,CAT1,GENHLTH,RESP060,"(47.52227862900048, -120.47001078999972)"
2014,WV,West Virginia,Health Status,Overall Health,How is your general health?,Excellent,Overall,Overall,786,13.5,12.4,14.6,1,%,Crude Prevalence,,,BRFSS,CLASS08,Topic41,54,BO1,CAT1,GENHLTH,RESP056,"(38.66551020200046, -80.71264013499967)"
2014,WV,West Virginia,Health Status,Overall Health,How is your general health?,Very good,Overall,Overall,"1,791",28.2,26.8,29.5,2,%,Crude Prevalence,,,BRFSS,CLASS08,Topic41,54,BO1,CAT1,GENHLTH,RESP057,"(38.66551020200046, -80.71264013499967)"
2014,WV,West Virginia,Health Status,Overall Health,How is your general health?,Good,Overall,Overall,"1,925",32.6,31.1,34,3,%,Crude Prevalence,,,BRFSS,CLASS08,Topic41,54,BO1,CAT1,GENHLTH,RESP058,"(38.66551020200046, -80.71264013499967)"
2014,WV,West Virginia,Health Status,Overall Health,How is your general health?,Fair,Overall,Overall,"1,061",16.7,15.6,17.8,4,%,Crude Prevalence,,,BRFSS,CLASS08,Topic41,54,BO1,CAT1,GENHLTH,RESP059,"(38.66551020200046, -80.71264013499967)"
2014,WV,West Virginia,Health Status,Overall Health,How is your general health?,Poor,Overall,Overall,623,9.1,8.3,9.9,5,%,Crude Prevalence,,,BRFSS,CLASS08,Topic41,54,BO1,CAT1,GENHLTH,RESP060,"(38.66551020200046, -80.71264013499967)"
2014,WI,Wisconsin,Health Status,Overall Health,How is your general health?,Excellent,Overall,Overall,"1,157",18,16.7,19.4,1,%,Crude Prevalence,,,BRFSS,CLASS08,Topic41,55,BO1,CAT1,GENHLTH,RESP056,"(44.39319117400049, -89.81637074199966)"
2014,WI,Wisconsin,Health Status,Overall Health,How is your general health?,Very good,Overall,Overall,"2,568",36.1,34.4,37.7,2,%,Crude Prevalence,,,BRFSS,CLASS08,Topic41,55,BO1,CAT1,GENHLTH,RESP057,"(44.39319117400049, -89.81637074199966)"
2014,WI,Wisconsin,Health Status,Overall Health,How is your general health?,Good,Overall,Overall,"2,166",30.4,28.9,32,3,%,Crude Prevalence,,,BRFSS,CLASS08,Topic41,55,BO1,CAT1,GENHLTH,RESP058,"(44.39319117400049, -89.81637074199966)"
2014,WI,Wisconsin,Health Status,Overall Health,How is your general health?,Fair,Overall,Overall,820,11.3,10.2,12.5,4,%,Crude Prevalence,,,BRFSS,CLASS08,Topic41,55,BO1,CAT1,GENHLTH,RESP059,"(44.39319117400049, -89.81637074199966)"
2014,WI,Wisconsin,Health Status,Overall Health,How is your general health?,Poor,Overall,Overall,324,4.2,3.5,4.9,5,%,Crude Prevalence,,,BRFSS,CLASS08,Topic41,55,BO1,CAT1,GENHLTH,RESP060,"(44.39319117400049, -89.81637074199966)"
2014,WY,Wyoming,Health Status,Overall Health,How is your general health?,Excellent,Overall,Overall,"1,151",22.2,20.3,24.1,1,%,Crude Prevalence,,,BRFSS,CLASS08,Topic41,56,BO1,CAT1,GENHLTH,RESP056,"(43.23554134300048, -108.10983035299967)"
2014,WY,Wyoming,Health Status,Overall Health,How is your general health?,Very good,Overall,Overall,"2,149",33.7,31.7,35.7,2,%,Crude Prevalence,,,BRFSS,CLASS08,Topic41,56,BO1,CAT1,GENHLTH,RESP057,"(43.23554134300048, -108.10983035299967)"
2014,WY,Wyoming,Health Status,Overall Health,How is your general health?,Good,Overall,Overall,"1,978",30.3,28.4,32.3,3,%,Crude Prevalence,,,BRFSS,CLASS08,Topic41,56,BO1,CAT1,GENHLTH,RESP058,"(43.23554134300048, -108.10983035299967)"
2014,WY,Wyoming,Health Status,Overall Health,How is your general health?,Fair,Overall,Overall,760,10.2,8.9,11.5,4,%,Crude Prevalence,,,BRFSS,CLASS08,Topic41,56,BO1,CAT1,GENHLTH,RESP059,"(43.23554134300048, -108.10983035299967)"
2014,WY,Wyoming,Health Status,Overall Health,How is your general health?,Poor,Overall,Overall,355,3.5,3,4.1,5,%,Crude Prevalence,,,BRFSS,CLASS08,Topic41,56,BO1,CAT1,GENHLTH,RESP060,"(43.23554134300048, -108.10983035299967)"
2014,GU,Guam,Health Status,Overall Health,How is your general health?,Excellent,Overall,Overall,385,16.2,14.1,18.4,1,%,Crude Prevalence,,,BRFSS,CLASS08,Topic41,66,BO1,CAT1,GENHLTH,RESP056,"(13.444304, 144.793731)"
2014,GU,Guam,Health Status,Overall Health,How is your general health?,Very good,Overall,Overall,625,24.2,21.9,26.5,2,%,Crude Prevalence,,,BRFSS,CLASS08,Topic41,66,BO1,CAT1,GENHLTH,RESP057,"(13.444304, 144.793731)"
2014,GU,Guam,Health Status,Overall Health,How is your general health?,Good,Overall,Overall,991,39.4,36.7,42.1,3,%,Crude Prevalence,,,BRFSS,CLASS08,Topic41,66,BO1,CAT1,GENHLTH,RESP058,"(13.444304, 144.793731)"
2014,GU,Guam,Health Status,Overall Health,How is your general health?,Fair,Overall,Overall,421,16.5,14.5,18.5,4,%,Crude Prevalence,,,BRFSS,CLASS08,Topic41,66,BO1,CAT1,GENHLTH,RESP059,"(13.444304, 144.793731)"
2014,GU,Guam,Health Status,Overall Health,How is your general health?,Poor,Overall,Overall,94,3.7,2.7,4.7,5,%,Crude Prevalence,,,BRFSS,CLASS08,Topic41,66,BO1,CAT1,GENHLTH,RESP060,"(13.444304, 144.793731)"
2014,PR,Puerto Rico,Health Status,Overall Health,How is your general health?,Excellent,Overall,Overall,895,18.6,17.3,20,1,%,Crude Prevalence,,,BRFSS,CLASS08,Topic41,72,BO1,CAT1,GENHLTH,RESP056,"(18.220833, -66.590149)"
2014,PR,Puerto Rico,Health Status,Overall Health,How is your general health?,Very good,Overall,Overall,696,12.4,11.3,13.4,2,%,Crude Prevalence,,,BRFSS,CLASS08,Topic41,72,BO1,CAT1,GENHLTH,RESP057,"(18.220833, -66.590149)"
2014,PR,Puerto Rico,Health Status,Overall Health,How is your general health?,Good,Overall,Overall,"1,979",33.6,32,35.1,3,%,Crude Prevalence,,,BRFSS,CLASS08,Topic41,72,BO1,CAT1,GENHLTH,RESP058,"(18.220833, -66.590149)"
2014,PR,Puerto Rico,Health Status,Overall Health,How is your general health?,Fair,Overall,Overall,"2,119",31.4,29.9,32.8,4,%,Crude Prevalence,,,BRFSS,CLASS08,Topic41,72,BO1,CAT1,GENHLTH,RESP059,"(18.220833, -66.590149)"
2014,PR,Puerto Rico,Health Status,Overall Health,How is your general health?,Poor,Overall,Overall,294,4.1,3.5,4.6,5,%,Crude Prevalence,,,BRFSS,CLASS08,Topic41,72,BO1,CAT1,GENHLTH,RESP060,"(18.220833, -66.590149)"
2014,UW,All States and DC (median) **,Health Status,Overall Health,How is your general health?,Excellent,Overall,Overall,51,19,,,1,%,Crude Prevalence,,,BRFSS,CLASS08,Topic41,98,BO1,CAT1,GENHLTH,RESP056,
2014,UW,All States and DC (median) **,Health Status,Overall Health,How is your general health?,Very good,Overall,Overall,51,33.7,,,2,%,Crude Prevalence,,,BRFSS,CLASS08,Topic41,98,BO1,CAT1,GENHLTH,RESP057,
2014,UW,All States and DC (median) **,Health Status,Overall Health,How is your general health?,Good,Overall,Overall,51,30.5,,,3,%,Crude Prevalence,,,BRFSS,CLASS08,Topic41,98,BO1,CAT1,GENHLTH,RESP058,
2014,UW,All States and DC (median) **,Health Status,Overall Health,How is your general health?,Fair,Overall,Overall,51,12.1,,,4,%,Crude Prevalence,,,BRFSS,CLASS08,Topic41,98,BO1,CAT1,GENHLTH,RESP059,
2014,UW,All States and DC (median) **,Health Status,Overall Health,How is your general health?,Poor,Overall,Overall,51,4.3,,,5,%,Crude Prevalence,,,BRFSS,CLASS08,Topic41,98,BO1,CAT1,GENHLTH,RESP060,
2014,US,"All States, DC and Territories (median) **",Health Status,Overall Health,How is your general health?,Excellent,Overall,Overall,53,18.9,,,1,%,Crude Prevalence,,,BRFSS,CLASS08,Topic41,99,BO1,CAT1,GENHLTH,RESP056,
2014,US,"All States, DC and Territories (median) **",Health Status,Overall Health,How is your general health?,Very good,Overall,Overall,53,33.7,,,2,%,Crude Prevalence,,,BRFSS,CLASS08,Topic41,99,BO1,CAT1,GENHLTH,RESP057,
2014,US,"All States, DC and Territories (median) **",Health Status,Overall Health,How is your general health?,Good,Overall,Overall,53,30.6,,,3,%,Crude Prevalence,,,BRFSS,CLASS08,Topic41,99,BO1,CAT1,GENHLTH,RESP058,
2014,US,"All States, DC and Territories (median) **",Health Status,Overall Health,How is your general health?,Fair,Overall,Overall,53,12.2,,,4,%,Crude Prevalence,,,BRFSS,CLASS08,Topic41,99,BO1,CAT1,GENHLTH,RESP059,
2014,US,"All States, DC and Territories (median) **",Health Status,Overall Health,How is your general health?,Poor,Overall,Overall,53,4.2,,,5,%,Crude Prevalence,,,BRFSS,CLASS08,Topic41,99,BO1,CAT1,GENHLTH,RESP060,
